task id,run #,individual_tpot,ensemble_tpot_2000,ensemble_tpot_100,individual_random,ensemble_random_2000,ensemble_random_100
190411,14,0.929619429922828,0.9319688200149366,0.9331279561862086,0.928705346029375,0.9334858103061986,0.9348316529748568
168757,0,0.8355952380952382,0.7901190476190475,0.8435714285714286,0.7892857142857141,0.8013095238095237,0.8429761904761904
168911,4,0.8898790150613903,0.883246167313865,0.895636461583354,0.8862876254180602,0.8889250521873808,0.8957935848802496
146818,0,0.9288907813497976,0.9254843517138598,0.938684266553119,0.940387481371088,0.886523312752821,0.940600383223334
168911,8,0.9109784292159548,0.9161971672914188,0.9135148481515568,0.900759803371417,0.9049740746560122,0.915568674103836
359955,20,0.7365984405458089,0.582236842105263,0.7724171539961013,0.8048245614035088,0.7900828460038987,0.7853313840155945
359956,6,0.9560362173038228,0.9532193158953722,0.9598591549295774,0.9556338028169014,0.9482897384305834,0.958953722334004
359968,14,0.9369215399730842,0.9508169651334636,0.9347336090951872,0.931298970434036,0.9391094708509812,0.9408515592103632
359962,17,0.8614953673777203,0.8430726136608491,0.862120232708468,0.8558069381598793,0.8173023055375996,0.8536306830424478
359968,8,0.910220526919806,0.926650649361372,0.9178576441351068,0.9092049967387448,0.9233481121871878,0.9244296931117332
359962,12,0.8678302090066796,0.8634992458521871,0.8678302090066796,0.878517560870502,0.8515406162464987,0.8730876966171085
168757,5,0.8015476190476191,0.778452380952381,0.7997619047619048,0.7960714285714287,0.7534523809523809,0.8041666666666667
359968,11,0.9346840710375746,0.9335529520554166,0.937722405237824,0.936161956423022,0.9341474087467696,0.928178072804432
359972,17,0.9942281920077972,0.9971864339668616,0.9962079678362572,0.9939769127680312,0.9969960709064328,0.9962460404483432
359975,20,0.9893200663349916,0.957810945273632,0.9877280265339968,0.9838474295190712,0.9798341625207296,0.9755887230514096
168757,6,0.7092857142857143,0.6776190476190477,0.7259523809523808,0.7095238095238097,0.7110714285714287,0.7274999999999999
146820,4,0.985996808867988,0.9718676519986564,0.986710614712798,0.9934077930802822,0.9778930131004366,0.9876133691635874
359962,5,0.8003447532859298,0.8312648136177547,0.8054083171730231,0.816849816849817,0.8062917474682181,0.8237879767291533
146818,13,0.9150521609538004,0.8797104534809453,0.9080263998296784,0.9129231424313392,0.8935490738769427,0.9116457313178624
168911,17,0.8889362752800161,0.8938183205764181,0.8915512558640658,0.8677695225696394,0.883605306278198,0.8938295436690534
359968,6,0.938870036905853,0.9501647140415624,0.937846250381856,0.9389856257069494,0.9399681305162692,0.932430089416194
359975,8,0.9859369817578774,0.9944941956882256,0.9867993366500828,0.9867330016583749,0.9845439469320066,0.9787064676616916
190392,6,0.9636684518013632,0.970727848101266,0.962836741317754,0.9617514605647516,0.9631308828302498,0.9677357189224278
190137,7,0.9181578947368422,0.9010526315789474,0.9134210526315788,0.8926973684210526,0.8899999999999999,0.91375
359974,20,0.8014299662756327,0.7865935708846885,0.8056127212345556,0.7874816551279006,0.7792910478836363,0.8585959222436268
359956,17,0.9317907444668008,0.7476861167002011,0.9356136820925554,0.9086519114688127,0.9206237424547284,0.9355130784708248
168784,14,0.9657292819514068,0.970565215664962,0.9676089682592364,0.9631419422288688,0.96945520036897,0.97031038118235
146818,9,0.9418777943368108,0.9310197998722588,0.944432616563764,0.9286778794975517,0.8982329146263572,0.9391100702576112
146820,19,0.9979005710446758,0.9969978165938864,0.9878233120591198,0.9975856567013772,0.9872354719516292,0.9962840107490762
190137,6,0.947828947368421,0.943157894736842,0.9425657894736842,0.9071710526315788,0.9285526315789474,0.9410526315789474
359975,12,0.9880597014925372,0.978441127694859,0.9927694859038144,0.948424543946932,0.9772470978441128,0.9910447761194028
190137,20,0.9536184210526316,0.9582236842105264,0.9540131578947368,0.9402302631578948,0.9466447368421052,0.9383552631578947
168350,11,0.9655763291327398,0.9709605760813912,0.9661915536690504,0.9618932399623432,0.9669223908699028,0.964106396683568
146818,18,0.9152650628060464,0.9112199276133702,0.9152650628060464,0.9239940387481372,0.9039812646370023,0.9193101979987228
146820,13,0.9979215653342292,0.9977746053073564,0.9976696338595902,0.9982994625461874,0.998278468256634,0.9985513940208264
168757,14,0.780952380952381,0.7913095238095237,0.7948809523809525,0.7817857142857142,0.8269047619047618,0.817857142857143
359958,10,0.9447699652777776,0.9383680555555556,0.9496527777777778,0.881076388888889,0.9251302083333334,0.9373914930555556
190411,20,0.9165616442618868,0.9161765621110282,0.9159704070201644,0.9137493776450089,0.9190160567587752,0.9172968010953448
359972,14,0.995427479288499,0.9962041605750488,0.9957625182748536,0.9924083211500974,0.9942929154483432,0.9958005908869396
359972,2,0.9950981511939572,0.9931545443469786,0.995751096491228,0.9908092714424952,0.9941215886939572,0.9940835160818712
146818,10,0.9258037044922288,0.9288907813497976,0.9297423887587822,0.9325101128379816,0.9208005109644454,0.9357036406216734
359955,2,0.7837475633528265,0.7715643274853801,0.788864522417154,0.788620857699805,0.7605994152046783,0.777046783625731
168350,14,0.9733492163112952,0.9761631459857631,0.9735412159149088,0.9711918014104746,0.972686508002048,0.9725832824087072
168911,1,0.8879093623038764,0.892437880182263,0.8812821261026688,0.8839195528719894,0.8735494152768737,0.8914278018450764
168757,16,0.7732142857142857,0.7672619047619047,0.7816666666666667,0.8128571428571428,0.7720238095238096,0.7975
190137,19,0.9127631578947368,0.930921052631579,0.9389473684210526,0.9255263157894738,0.9317105263157894,0.9409868421052632
146820,8,0.9965779308028216,0.9964729593550554,0.9962630164595232,0.9966619079610346,0.9964939536446086,0.996703896540141
359968,20,0.937904044782404,0.943790817295387,0.940521305492945,0.930349490996458,0.9274927963407888,0.942387238996359
359972,4,0.9962136787280702,0.9963336074561404,0.9958082054093568,0.9940340216861598,0.9928956505847952,0.9943804824561404
359972,16,0.9960328338206628,0.9962308114035088,0.9964135599415204,0.9906455592105264,0.9951381274366472,0.9949211135477584
2073,2,0.8642125594630651,0.8818985681452662,0.8917814207241334,0.8889200806039463,0.8912865339515716,0.8914153605524906
190411,10,0.8990151232262882,0.9099141150112025,0.9039006099078916,0.9124113144137416,0.9060399551904408,0.9129325367189444
359968,18,0.9137790107249896,0.9049116984123052,0.9127882495727342,0.9047383152106606,0.904135602176372,0.9030705339376978
146818,7,0.934958484138812,0.944432616563764,0.9410261869278264,0.9302746433893976,0.931232701724505,0.9452842239727486
359958,20,0.923828125,0.9288194444444444,0.9289279513888888,0.9127604166666669,0.9171006944444444,0.9332682291666666
168911,6,0.8823651545419855,0.888240443536621,0.8940315593364907,0.88973311485713,0.8979259724809768,0.8946488294314381
168784,19,0.9692007319908498,0.9719976527137512,0.9701767094923728,0.9695106216641988,0.971793819238334,0.9734980501781216
190137,0,0.9267105263157897,0.9194736842105264,0.9264473684210528,0.9124342105263158,0.8690131578947368,0.9369736842105264
359972,3,0.9918296174463938,0.9867355019493178,0.9928309271442496,0.9876892208820662,0.9942891081871345,0.9922331871345028
359965,4,0.9999608625885484,0.9999902156471372,1.0,0.9999804312942742,0.9999902156471372,1.0
359965,18,0.999608625885484,0.9985225627177018,0.9996379789440726,0.9996281945912096,0.9996184102383469,0.99969668506125
190411,13,0.92856142643764,0.9338281055514064,0.9304246016928056,0.92559357107294,0.93599856858352,0.9373755290017426
359962,10,0.7808661926308985,0.7985778926955398,0.7877181641887525,0.7924800689506571,0.8121956474897651,0.7970265029088559
359956,3,0.9030684104627766,0.8923541247484909,0.914788732394366,0.913430583501006,0.912072434607646,0.9171026156941652
146820,18,0.9953182734296272,0.9969768223043332,0.996682902250588,0.992882935841451,0.994793416190796,0.9961580450117568
190392,9,0.9674821486530348,0.9730708373904576,0.9688463567023692,0.9608893216488152,0.9682124310288868,0.9706365628042845
359965,11,0.9999804312942742,0.9991781143595162,0.9999804312942742,0.9999315095299596,0.9997064694141128,0.9999119408242338
359972,19,0.9966496101364524,0.9970074926900584,0.9969199256822612,0.9936951754385964,0.9963031493664716,0.9950962475633528
146818,11,0.9574196295507772,0.9489035554609324,0.9597615499254843,0.9503938684266552,0.944006812859272,0.9661486054928676
190137,11,0.9457236842105264,0.9423684210526316,0.9463157894736842,0.9309868421052632,0.9377631578947369,0.9436184210526316
359965,12,0.999109623889476,0.999109623889476,0.999305310946734,0.999305310946734,0.9991389769480647,0.9992759578881452
190137,9,0.9166447368421052,0.9374342105263158,0.9422368421052632,0.9207894736842106,0.88625,0.9367763157894736
359955,19,0.6764132553606238,0.6542397660818714,0.648391812865497,0.6405945419103314,0.6437621832358674,0.6488791423001948
359972,18,0.9934020163255362,0.9947574013157896,0.9931811951754386,0.9897775036549707,0.9924273574561404,0.9941063596491228
359962,0,0.8468433527257058,0.8464339581986641,0.8681749622926094,0.8437405731523379,0.8288730876966172,0.8661495367377721
359972,0,0.9949820297270956,0.9967029117933724,0.9959071942007798,0.9928195053606238,0.9963412219785576,0.9953513340643276
359968,17,0.927657923199498,0.9254204542639884,0.9267497254765974,0.914811053591922,0.91854292059875,0.9156697132572098
168784,3,0.961850221961908,0.9708469875545316,0.9666556810001996,0.9700847761614056,0.9707233380200098,0.9730109858926568
359968,0,0.9286899660664304,0.9360959056795384,0.9333878251967074,0.9205657246179376,0.938027889926436,0.9385397831884345
359965,10,0.9990166725372784,0.999163437830222,0.9992417126531252,0.999412938828226,0.9991585456537904,0.9994276153575202
168911,20,0.8821014118650535,0.883470629166573,0.8802271553949406,0.8777580750151511,0.8829543669053445,0.8803618325065655
359956,18,0.9325955734406438,0.9254527162977868,0.9329979879275654,0.9165995975855132,0.917907444668008,0.9233400402414488
190137,10,0.9277631578947368,0.9226315789473684,0.9446052631578948,0.9342105263157896,0.9561184210526316,0.9404605263157896
146820,14,0.9984044339939536,0.9983624454148472,0.9988033254954652,0.9983624454148472,0.9977116224386966,0.9986983540476992
359958,3,0.9486762152777776,0.9392361111111112,0.9457465277777778,0.9294704861111112,0.9393446180555556,0.9481336805555556
359960,11,1.0,1.0,1.0,1.0,1.0,1.0
359962,13,0.8046110751993105,0.8066149536737772,0.8093945270415859,0.8228614522732169,0.8076061193708253,0.816785175608705
190137,17,0.8879605263157895,0.9057236842105264,0.9026973684210526,0.8951973684210527,0.9273684210526316,0.91625
190411,2,0.9084710293751556,0.917950273836196,0.9119523276076674,0.9064872728404284,0.9153441623101818,0.9198173388100572
190137,3,0.8723026315789473,0.8911184210526315,0.8714473684210526,0.8510526315789474,0.8688157894736842,0.898157894736842
190411,0,0.9094162310181728,0.9029126213592232,0.91075429424944,0.9066000746825992,0.914037216828479,0.9142628205128204
359974,13,0.8140454005768264,0.8469053778420103,0.8555273699731479,0.8606073857275832,0.8254242066332852,0.8774080103169098
359962,15,0.8719887955182073,0.8417797888386124,0.8684550743374273,0.8639086403792287,0.8587588881706529,0.8587804352510234
359958,7,0.9225260416666666,0.941948784722222,0.9266493055555556,0.9429253472222224,0.9421657986111112,0.9456380208333334
359960,6,1.0,1.0,1.0,1.0,0.999602448497768,1.0
359975,4,0.9924378109452736,0.9949585406301824,0.9924378109452736,0.9914427860696516,0.9696185737976784,0.9897844112769484
359972,6,0.9927928545321636,0.9941330104775828,0.9952599597953216,0.9943671570419104,0.9953437195419104,0.9960823282163742
359975,15,0.9979436152570482,0.9966169154228856,0.9976119402985076,0.9985406301824212,0.9980099502487564,0.999004975124378
359965,3,0.9995009980039922,0.9655982153340378,0.9995939493561896,0.9994178310046572,0.9987182497749598,0.9988845837736292
359956,5,0.9143863179074446,0.957344064386318,0.9297786720321932,0.914989939637827,0.946579476861167,0.9366197183098592
168911,16,0.8843348072994993,0.8902718233036295,0.8882516666292564,0.8816917689838611,0.882168750420866,0.8957374694170726
359956,12,0.9378269617706236,0.933199195171026,0.937927565392354,0.940543259557344,0.9295774647887324,0.9396378269617708
190392,8,0.9821689386562804,0.9843496429730608,0.9827369360597208,0.9719449853943524,0.9721376987990912,0.9759818240830898
359958,11,0.9279513888888888,0.9029947916666669,0.9391276041666666,0.9236111111111112,0.9337022569444444,0.9556206597222222
359965,19,0.9998776955892136,0.9999706469414114,0.9999804312942744,0.999902156471371,0.9999608625885484,1.0
168911,7,0.8747615092814975,0.8898341226908487,0.8870732419025387,0.8899519651635205,0.8815851496038248,0.8894300913559741
168350,9,0.9659706508993012,0.9737352800303896,0.9659706508993012,0.9697590301749054,0.9723603151270914,0.9706178671115
190411,11,0.9241971620612396,0.9142472616380384,0.9264143017176998,0.9203307816778692,0.9218010953447846,0.9270522155837692
359956,13,0.9474849094567404,0.9424547283702214,0.9464788732394368,0.9506036217303824,0.933199195171026,0.9517102615694164
190137,18,0.9154605263157896,0.9125,0.915657894736842,0.90625,0.8773684210526315,0.9101315789473684
168757,8,0.7520238095238093,0.7761904761904762,0.7725000000000001,0.7592857142857143,0.745595238095238,0.7746428571428572
359975,5,0.9933665008291874,0.982089552238806,0.9909784411276948,0.9902487562189054,0.9886567164179104,0.9907131011608624
359958,17,0.9308810763888888,0.9545355902777778,0.9375,0.9332682291666666,0.9301215277777776,0.9545355902777778
146818,5,0.9593357462209922,0.7779433681073025,0.9567809239940388,0.9551841601021928,0.9376197572918884,0.9576325314030232
190392,11,0.96882099967543,0.9739735475494968,0.9706264199935086,0.965899870172022,0.9666707237909768,0.9702409931840312
168911,2,0.8794359273641444,0.8837736526677291,0.8766918812147876,0.8749523018562995,0.8857264707862899,0.8872864806626115
359955,7,0.7743664717348928,0.7886208576998051,0.7743664717348928,0.7887426900584795,0.7553606237816763,0.7682748538011694
359958,8,0.9572482638888888,0.7511935763888888,0.9544270833333331,0.9580078125,0.9443359375,0.9639756944444444
168350,5,0.9583815052768924,0.9692718053743372,0.9654896196343336,0.962597238508927,0.9657580061770196,0.964618395626538
359956,19,0.9375251509054326,0.9463782696177062,0.9493963782696178,0.9524144869215292,0.9326961770623744,0.9474849094567404
359972,10,0.9931355080409356,0.9932383040935672,0.9934743542884992,0.988762868542885,0.9921303910818712,0.992636756822612
168911,12,0.8911808938070975,0.8976790644429979,0.894727391079886,0.8907263585553636,0.8998002289510898,0.8960180467329576
146820,3,0.9915393013100436,0.982616728249916,0.9915393013100438,0.991917198522002,0.9785648303661404,0.9917702384951292
359965,1,0.99969668506125,0.9989237211850808,0.9996771163555244,0.99750499001996,0.9990215647137098,0.9984638566005244
190411,15,0.9241660443116754,0.9209220189195916,0.9233569828230024,0.9216844037839184,0.9206575180482948,0.9210153721682848
190137,15,0.908815789473684,0.914078947368421,0.9186842105263158,0.9286184210526316,0.91625,0.926842105263158
359960,19,0.999794634348904,0.999041067702966,0.9999659273220866,0.9998924268502584,1.0,1.0
168350,7,0.9739706343832066,0.9810684261813136,0.973999537549342,0.975642888995326,0.9790039143144996,0.978487786347796
359956,4,0.9445674044265592,0.9547283702213278,0.95,0.9411468812877264,0.932092555331992,0.9508048289738432
359972,15,0.9907445480019492,0.994563230994152,0.9907331262183235,0.988559180068226,0.9878396076998052,0.991376553362573
359962,7,0.7867916397328162,0.7687567334626157,0.7815987933634994,0.778409825468649,0.7617539323421677,0.776642964878259
190137,12,0.934078947368421,0.9003947368421052,0.930657894736842,0.9119736842105264,0.9148684210526316,0.9319736842105264
168784,2,0.953615547531368,0.9668671006033056,0.9566164236612822,0.9548424422799264,0.9576836249496872,0.9555484222759004
359975,7,0.99575456053068,0.9950912106135988,0.9955555555555556,0.992039800995025,0.9934328358208956,0.9951575456053068
359955,13,0.7537768031189084,0.7681530214424951,0.7557261208576997,0.7398879142300195,0.724780701754386,0.748416179337232
359965,8,0.999784744237016,0.9993738014167745,0.9998434503541936,0.9994618605925404,0.9989922116551212,0.9998140972956048
146820,20,0.999307188444743,0.9990132683909976,0.9992861941551898,0.9989712798118912,0.9989082969432316,0.9990972455492106
359968,5,0.901964183984346,0.9208959783353562,0.9347914034957356,0.9039457062888564,0.9316870185520024,0.9461356186890578
359975,6,0.9987396351575456,0.9993366500829188,0.9995356550580432,0.9991376451077943,0.9956218905472638,0.9986733001658376
359968,2,0.9206565443902276,0.9290449888126552,0.920136394785294,0.9220270973175142,0.9322814752433556,0.9280624840033356
168784,1,0.9609261122883026,0.9622493340073882,0.961682328408104,0.958782529575099,0.964975597935438,0.9656386946691948
359968,4,0.9328676755917732,0.9215482294272576,0.921845457772934,0.9093783799403892,0.927261618738596,0.909015100851229
168350,20,0.9676903892843576,0.9729796686871356,0.9715840586651692,0.9648702660742894,0.9706715444200372,0.971798767899318
190411,19,0.9120923574807068,0.8497712845407019,0.9157486930545182,0.914523431665422,0.9118978715459296,0.9192261015683348
359955,1,0.7166179337231969,0.7370857699805069,0.7490253411306044,0.7492690058479532,0.7391569200779727,0.7373294346978557
359968,3,0.9329089573064508,0.925990141926535,0.9248920483161188,0.9270263129649352,0.9372517936905028,0.9278973571446264
359958,18,0.9181857638888888,0.9278428819444444,0.9273003472222224,0.9444444444444444,0.9294704861111112,0.9493272569444444
146820,2,0.998005542492442,0.9977116224386966,0.998089519650655,0.9975016795431644,0.9967668794088008,0.997837588176016
146818,14,0.9400681285927188,0.949755162869917,0.9484777517564404,0.9303810943155204,0.948264849904194,0.9418777943368108
190137,13,0.9066447368421052,0.9038815789473684,0.8982894736842105,0.8930921052631579,0.8932236842105263,0.9089473684210526
359962,16,0.8246929541047189,0.803038138332256,0.832471450118509,0.8358112475759535,0.8301012712777418,0.8417797888386123
359955,8,0.7608430799220272,0.7833820662768031,0.7791179337231968,0.7815545808966862,0.7355019493177387,0.7937378167641325
190411,1,0.9107815222803088,0.9106687204381378,0.9107115073437888,0.9113144137415984,0.9106609410007468,0.9133604057754544
168350,4,0.9692759343980708,0.9707830280608452,0.9698395461377112,0.9700810940261284,0.9552578988224024,0.971142253125671
190392,3,0.9731012658227848,0.9778886725089256,0.9728172671210646,0.969368711457319,0.967472005842259,0.9728274099318404
168757,12,0.7536904761904762,0.7678571428571429,0.7883333333333333,0.7620238095238095,0.7464285714285714,0.7775000000000001
168350,17,0.9660676829570418,0.968074388491585,0.9675169702875452,0.9622483360034354,0.8970923414867789,0.9653327167324558
190392,19,0.9716812723141836,0.9777973872119442,0.9736591204154494,0.9624918857513792,0.9572683382018824,0.966265011359948
359975,16,0.98514096185738,0.9938308457711442,0.991641791044776,0.9688225538971807,0.9601990049751244,0.9934328358208956
359962,11,0.868476621417798,0.867313079077785,0.8718810601163542,0.8468433527257057,0.840034475328593,0.8489980607627666
146818,2,0.9712582499467746,0.9548648073238236,0.9780711092186504,0.9792420694060038,0.9676389184585904,0.9748775814349584
190137,14,0.9046710526315792,0.938157894736842,0.95,0.941282894736842,0.8880921052631578,0.9436842105263158
359972,8,0.9948373538011696,0.9944147478070176,0.9944566276803118,0.9917496649610136,0.9902914839181288,0.9958082054093568
359956,11,0.9428571428571428,0.7760563380281691,0.9482897384305836,0.9417505030181086,0.945774647887324,0.9496981891348087
190137,2,0.8978947368421053,0.922828947368421,0.919407894736842,0.9234210526315788,0.8998684210526315,0.930657894736842
359958,0,0.9293619791666669,0.9267578125,0.9233940972222222,0.9315321180555556,0.9330512152777778,0.9365234375
146820,1,0.9971447766207592,0.997900571044676,0.9970607994625462,0.9974596909640576,0.9969768223043332,0.9970817937520994
168757,17,0.8023809523809524,0.8048809523809524,0.8065476190476192,0.793452380952381,0.8189285714285715,0.821547619047619
146820,10,0.99391165602956,0.9810211622438696,0.99391165602956,0.9922741014444072,0.9693693315418206,0.9959481021162244
359955,9,0.7069931773879142,0.7551169590643274,0.7211257309941521,0.7632797270955165,0.7535331384015593,0.7411062378167641
359975,2,0.9907794361525704,0.9963515754560532,0.9942951907131012,0.9971475953565504,0.9884577114427862,0.9961525704809286
190137,16,0.9032236842105263,0.901842105263158,0.9032236842105263,0.9034210526315788,0.9038157894736842,0.9242105263157896
168757,11,0.795952380952381,0.8221428571428572,0.805595238095238,0.8142857142857143,0.7283333333333333,0.8126190476190476
146820,9,0.996787873698354,0.9971027880416528,0.9974596909640578,0.9967458851192476,0.9968298622774604,0.9971027880416526
359955,12,0.7412280701754386,0.7256335282651072,0.726364522417154,0.6667884990253412,0.7203947368421051,0.698830409356725
359968,9,0.9252140456906018,0.9235875461323164,0.9245452819128296,0.9163880150925948,0.9272120806809832,0.9122763563107358
168757,20,0.7922619047619046,0.813452380952381,0.8239285714285715,0.7342857142857143,0.7926190476190477,0.8253571428571428
146820,15,0.998257473967081,0.9984674168626134,0.9984464225730604,0.9982364796775276,0.9973337252267384,0.9961580450117568
190392,7,0.9758550389483932,0.974551687763713,0.9760933950016228,0.9709712755598832,0.9739126906848424,0.973932976306394
190411,17,0.9257336009459796,0.9255507841672892,0.92963498879761,0.9290359721184964,0.9240960293751556,0.9274334080159322
190392,15,0.9646218760142812,0.9715798442064264,0.968744928594612,0.9638763794222652,0.965504300551769,0.9708597046413502
359969,4,0.840693254452581,0.8462932191850628,0.8432503282664462,0.8406150175904704,0.8465280052802426,0.8495063243440403
190411,8,0.9292421272093604,0.9143561737615136,0.9330034851879512,0.9254379823251184,0.9233180856360468,0.9331201767488176
359970,8,0.8983788161412753,0.9421430882286936,0.9158833289408946,0.8974751618786373,0.922399394027514,0.9157637255642994
359975,18,0.998407960199005,0.9991376451077943,0.9984079601990048,0.9972802653399668,0.9929021558872306,0.9986733001658376
146818,20,0.9711517990206516,0.9791356184798808,0.973813072173728,0.9716840536512668,0.955290611028316,0.9772195018096658
168757,1,0.8009523809523811,0.7877380952380952,0.8166666666666667,0.8047619047619047,0.7691666666666667,0.8101190476190476
168757,7,0.7911904761904761,0.8035714285714286,0.7901190476190476,0.7977380952380952,0.7513095238095236,0.7595238095238095
190392,20,0.9616246754300553,0.96327288218111,0.9647943037974684,0.9460605322947097,0.9632525965595586,0.964591447581954
359972,7,0.9939083820662769,0.9966952972709552,0.9942358065302144,0.993546692251462,0.995697794834308,0.995777747319688
359956,0,0.9317404426559356,0.9185110663983904,0.9346076458752516,0.9390342052313884,0.9248490945674044,0.9182092555331992
168350,16,0.9658942639602291,0.9720795415132047,0.9662576180487884,0.9713982525971558,0.9710596726509984,0.9717161874246454
168350,10,0.9668934877037672,0.9681487109187904,0.9668852296563,0.9629874312517548,0.9681941301798602,0.966674649445885
168911,18,0.8845929384301139,0.8930663733698457,0.8879037507575588,0.8800980898296336,0.8969944557922381,0.8907993086574937
359962,19,0.8403792286145227,0.849041154923508,0.8578754578754579,0.8511096746390865,0.8621633268692093,0.8520361990950226
359968,19,0.9276826922283044,0.9199299862119072,0.9237361603051544,0.917808106077494,0.9332392110238692,0.9326942923901288
168911,11,0.8564117528226077,0.8557495903571187,0.8571075845660031,0.8489708424053332,0.8306210859464435,0.8529774864761734
359970,4,0.9123242511076992,0.9519731917660698,0.9170475626401314,0.9069508011300896,0.9412908285410032,0.934800138831784
359955,4,0.7029727095516569,0.7180799220272904,0.7056530214424951,0.7273391812865497,0.738182261208577,0.7066276803118908
359964,7,0.9932530938524856,0.9908061555058272,0.9923438524933328,0.99234627383056,0.9936277406738974,0.9939660203109244
168757,13,0.7882142857142856,0.7226190476190476,0.8289285714285713,0.8266666666666667,0.8272619047619049,0.8469047619047619
359968,7,0.8951857264343333,0.8971259670241662,0.8991074893286768,0.8934766634466929,0.8986203650954845,0.8871688174440013
359958,15,0.9430881076388888,0.9498697916666666,0.9390733506944444,0.947536892361111,0.9459092881944444,0.94091796875
359955,3,0.6476608187134503,0.7270955165692007,0.6430311890838207,0.5921052631578947,0.6643518518518519,0.6602095516569201
190137,8,0.929342105263158,0.9207894736842104,0.9263815789473684,0.9217763157894736,0.8992105263157895,0.9359868421052632
359972,9,0.9928823251705652,0.996364065545809,0.9962155823586744,0.9940644797758283,0.9960709064327486,0.9968019005847952
359972,11,0.9861377619395711,0.9938093932748536,0.9938741167153996,0.9939769127680312,0.9920085587231968,0.9944033260233918
168350,6,0.9585466662262376,0.9026417493847756,0.9614762085652468,0.9574875716385618,0.9580656349612696,0.9590442135861396
359965,17,0.99935912488748,0.9970353410825408,0.999706469414113,0.9995303510625808,0.998307306954718,0.999520566709718
359975,13,0.9948922056384742,0.9965505804311776,0.988922056384743,0.9940961857379768,0.9941625207296848,0.996351575456053
190411,4,0.9368270786656708,0.9441980955937268,0.942113206372915,0.9347810866318148,0.943949153597212,0.945979586756286
359962,20,0.8890540831717303,0.8542124542124542,0.8890540831717303,0.8766214177978884,0.8656970480499893,0.8770523594053006
359975,17,0.9927031509121064,0.99787728026534,0.9964179104477612,0.9964179104477612,0.9962189054726368,0.9973466003316752
168757,19,0.7922619047619048,0.8132142857142859,0.808452380952381,0.811904761904762,0.8009523809523809,0.8192857142857143
168350,15,0.9696764497002328,0.974053214857879,0.9702958032602772,0.9642550415379788,0.9706674153963036,0.9714560589294268
359965,13,0.999902156471371,0.9997260381198388,0.9999217251770968,0.9993786935932056,0.9992955265938712,0.9997456068255646
359975,1,0.9734660033167496,0.9645107794361528,0.9849419568822554,0.9775124378109452,0.9826865671641792,0.9774461028192372
359960,5,1.0,1.0,0.999987930285328,1.0,1.0,1.0
359965,0,0.9999804312942744,0.9999804312942742,0.9999706469414114,0.9999706469414114,1.0,1.0
168911,5,0.9061637224753653,0.9044353662095128,0.912807793315526,0.8991492895782363,0.8893515297075262,0.9103274898431012
190392,14,0.9682428594612138,0.9660722979552092,0.96860800064914,0.9608386075949368,0.9692774261603376,0.9706061343719572
359955,0,0.7210038986354775,0.7203947368421052,0.7178362573099415,0.7027290448343079,0.6924951267056529,0.6873781676413255
359958,9,0.9376085069444444,0.938042534722222,0.9379340277777776,0.936740451388889,0.9289279513888888,0.9406467013888888
359955,16,0.8396686159844055,0.7655945419103314,0.8260233918128654,0.8567251461988303,0.7945906432748537,0.8199317738791423
359975,14,0.9964179104477612,0.9975456053067994,0.9977446102819236,0.9965505804311776,0.9977446102819238,0.9977446102819236
359955,15,0.7373294346978557,0.7480506822612084,0.7373294346978557,0.7219785575048733,0.7394005847953216,0.7411062378167641
359955,11,0.7663255360623782,0.7814327485380117,0.7663255360623782,0.7850877192982456,0.7682748538011697,0.7769249512670565
359960,16,1.0,0.9998154304296584,1.0,0.999975860570656,0.9984961124968308,0.9999155119972964
359962,9,0.8151260504201681,0.8254471019176901,0.8215686274509804,0.7991381167851757,0.8241327300150829,0.830144365438483
168350,0,0.9701719325482684,0.9751226320048888,0.9717616066857152,0.966274134143723,0.9710018663187276,0.9695979982492938
168911,14,0.8730387645619627,0.886916118605643,0.8844021458553118,0.8705079571726785,0.8748288478373101,0.8839981145204373
359958,12,0.9637586805555556,0.9552951388888888,0.9634331597222224,0.9354383680555556,0.9567057291666669,0.96484375
359960,1,1.0,1.0,1.0,1.0,1.0,1.0
359956,2,0.9171026156941652,0.9098591549295776,0.9296780684104629,0.9254024144869216,0.911569416498994,0.923943661971831
359956,7,0.9387323943661972,0.9275653923541248,0.926056338028169,0.9076458752515092,0.9297786720321932,0.9298792756539236
359956,16,0.9118712273641852,0.928370221327968,0.9249496981891348,0.90261569416499,0.9251509054325956,0.9306841046277666
168757,3,0.7860714285714286,0.7888095238095237,0.7998809523809522,0.8054761904761905,0.7952380952380952,0.8027380952380953
146818,17,0.9299552906110284,0.9284649776453054,0.929742388758782,0.9265488609750904,0.9105812220566318,0.92548435171386
359965,20,0.9997749598841532,0.9999217251770968,0.9999412938828226,0.9999168330006654,0.9999804312942744,0.9999804312942744
146820,11,0.9976696338595902,0.9966199193819282,0.9973337252267384,0.9953812562982868,0.9937646960026872,0.9965569365132684
359956,15,0.9079476861167004,0.9132796780684104,0.9104627766599598,0.9092555331991952,0.9095573440643864,0.9149899396378268
359962,8,0.8599224305106659,0.8476190476190476,0.862400344753286,0.8637793578970049,0.8590820943762121,0.8590390002154709
359970,12,0.9163693886452896,0.9491163074152424,0.9344214510575182,0.91486439278003,0.942162913041841,0.9266876340372938
359974,2,0.8651899081735477,0.8943463547841759,0.9167054733240256,0.8831706954467516,0.9117523364791013,0.906341582727918
146818,12,0.9276133702363212,0.905471577602725,0.9286778794975517,0.9267617628273368,0.9118586331701086,0.9150521609538004
168757,10,0.7499999999999999,0.7466666666666667,0.7555952380952382,0.7164285714285714,0.7527380952380953,0.7552380952380953
359962,2,0.839474251238957,0.8306830424477483,0.8303813833225597,0.8305968541262659,0.8415427709545358,0.8328377504848093
168350,1,0.9621451104100948,0.9677440665928948,0.9621451104100948,0.9625683353427916,0.9680041950881134,0.9665466497101424
168350,2,0.9667014881001535,0.976241597436702,0.9690405800452542,0.967711034403026,0.9738963119560012,0.9734916676301056
168350,13,0.9557905428840404,0.9439774059821296,0.957483442614828,0.9572687333806796,0.9501626835351048,0.95975027664459
359968,15,0.9323970640444522,0.9211023869087428,0.9309687167166176,0.915694482286016,0.9399433614874626,0.9282193545191092
359969,12,0.8443747225077672,0.8530229966308265,0.8454275340818671,0.8448896339767756,0.8518825463507986,0.8537893590344492
359958,16,0.927517361111111,0.9061414930555556,0.9280598958333331,0.931857638888889,0.9226345486111112,0.9344618055555556
168757,9,0.7820238095238095,0.804047619047619,0.7904761904761904,0.7958333333333334,0.8304761904761905,0.8077380952380951
168350,18,0.962006788115018,0.9681693560374584,0.9636769782152708,0.965739425570218,0.9664145209506664,0.9667778750392256
190411,16,0.9164371732636296,0.9084826985312422,0.916876711476226,0.9191405277570328,0.9024147373661936,0.9188371296987802
359956,20,0.956841046277666,0.93420523138833,0.9567404426559356,0.9545271629778672,0.9438631790744468,0.9520120724346076
146818,6,0.9654034490100064,0.9661486054928676,0.96657440919736,0.9660421545667448,0.9618905684479456,0.9680647221630828
359958,6,0.949978298611111,0.9461805555555556,0.9503038194444444,0.9522569444444444,0.950954861111111,0.9499782986111112
359965,9,0.99932487965246,0.9985910531877422,0.9997260381198388,0.9993835857696372,0.9686900708387148,0.9993444483581856
359974,9,0.8554991702364566,0.8803401828400826,0.8745212705868767,0.8732034772223025,0.880175292232196,0.8846098802454951
146820,6,0.9884741350352704,0.9866896204232448,0.9881172321128652,0.9886420893516964,0.9785648303661404,0.9802653678199528
359965,2,0.9999853234707056,0.9998336660013306,0.9999804312942742,0.9998874799420768,0.9999315095299596,0.9999608625885484
168350,8,0.9591020199184104,0.9676243249046196,0.9660924570994434,0.95975027664459,0.9666044560424134,0.965931425173832
359965,6,0.9999902156471372,0.99969668506125,0.9999315095299596,0.999305310946734,1.0,0.9999902156471372
359962,4,0.8502046972635209,0.8567550096961862,0.8480068950657187,0.8364792070674424,0.8454212454212454,0.8430726136608491
359975,10,0.9900497512437813,0.9690878938640132,0.9882587064676618,0.9899834162520732,0.9864676616915424,0.9892537313432836
359975,11,0.9962189054726368,0.9917744610281924,0.9958872305140962,0.993167495854063,0.997346600331675,0.9981426202321726
359975,0,0.9913101160862354,0.9811608623548922,0.9832172470978442,0.9660364842454394,0.9400995024875622,0.9960199004975124
359956,1,0.9501006036217304,0.9522132796780683,0.9489939637826962,0.949748490945674,0.943158953722334,0.955030181086519
359968,1,0.9104104228073218,0.9298541104203304,0.92096202907884,0.908234876443828,0.9070583475755248,0.9293917552159446
168911,0,0.8766357657516105,0.8807321945635339,0.8805975174519091,0.8736055307400508,0.8833583982402191,0.8823146506251263
146820,17,0.9928199529727914,0.9851150487067516,0.9957171649311388,0.9929879072892174,0.9776830702049042,0.9903006382264024
190392,17,0.9706365628042845,0.9782740993184031,0.9731773369036028,0.9699722086984746,0.970829276209023,0.9714784160986694
190411,7,0.9118395257654968,0.923777072442121,0.9163904966392832,0.9233608725416976,0.916518857356236,0.9223845531491162
359958,4,0.9644097222222222,0.9767795138888888,0.9654947916666666,0.962348090277778,0.9694010416666666,0.9661458333333334
359956,10,0.9212776659959758,0.9349094567404428,0.9248490945674044,0.9128269617706236,0.9378269617706236,0.9300804828973844
190137,1,0.9366447368421053,0.9214473684210528,0.936907894736842,0.9454605263157896,0.91375,0.9363815789473684
359956,9,0.9269114688128772,0.9298792756539236,0.9317907444668008,0.9336016096579476,0.9139839034205232,0.9332997987927566
359960,9,0.9999559940735168,0.9962678733061464,0.9999559940735168,1.0,1.0,1.0
359958,1,0.9423828125,0.928927951388889,0.9396701388888888,0.9548611111111112,0.9514973958333334,0.949978298611111
359958,13,0.9282769097222222,0.9354383680555556,0.9321831597222224,0.932400173611111,0.9365234375,0.9340277777777778
190412,16,0.8484848484848485,0.9595959595959596,0.9494949494949494,0.898989898989899,0.898989898989899,0.9393939393939392
359972,1,0.996259365862573,0.997597618177388,0.996516355994152,0.9927700109649122,0.993771320662768,0.9953894066764132
359955,17,0.7359892787524366,0.7300194931773879,0.7318469785575048,0.7269736842105262,0.7213693957115009,0.7305068226120858
168757,4,0.8152380952380952,0.8263095238095238,0.8530952380952381,0.8414285714285714,0.795595238095238,0.8533333333333334
146820,12,0.99468844474303,0.9854719516291568,0.9965779308028216,0.9952133019818608,0.992085152838428,0.9963259993281828
190411,3,0.9306813231267116,0.9356173761513568,0.9319104742345032,0.931572068707991,0.9326845282549164,0.9326222927557878
359964,10,0.9917746213802818,0.9933395123112532,0.9912323307255454,0.9911394192601084,0.9902234265299996,0.9926342299381948
359958,5,0.9453125,0.9647352430555556,0.9555121527777778,0.9493272569444444,0.9501953125,0.9599609375
359965,14,0.9995890571797582,0.9998238816484678,0.9996673320026612,0.9997162537669758,0.996712457438065,0.999412938828226
359955,14,0.7948343079922028,0.7970272904483431,0.7877680311890839,0.7844785575048732,0.7567007797270955,0.7877680311890838
359975,19,0.981094527363184,0.9840132669983416,0.9893864013266996,0.9891210613598672,0.9785074626865672,0.9944278606965176
359956,8,0.9382293762575452,0.9190140845070424,0.9398390342052312,0.925251509054326,0.9329979879275654,0.9372233400402414
190411,5,0.9186815409509584,0.92298356982823,0.9231235997012696,0.916868932038835,0.9217933159073936,0.9209297983569829
146818,8,0.9086651053864168,0.9093038109431552,0.918458590589738,0.9418777943368108,0.8969555035128806,0.9280391739408134
168757,15,0.7955952380952381,0.7819047619047619,0.800952380952381,0.8065476190476191,0.7717857142857143,0.8096428571428572
359962,3,0.8647489765136824,0.8394527041585865,0.8646843352725706,0.852574876104288,0.781447963800905,0.8573583279465633
359968,10,0.8844111989035576,0.9071987054054278,0.889100801690899,0.8803408218363757,0.9124910212270576,0.8998588165358037
190411,18,0.9258464027881504,0.930934154841922,0.928125777943739,0.923026356733881,0.9223223176499876,0.930156211102813
168350,19,0.9669595520835056,0.9733595388706294,0.9687494838720332,0.9662039407402514,0.9720465093233356,0.970997737294994
168911,10,0.8789252766492334,0.8828196897937196,0.8828645821642612,0.8821911966061369,0.8691499629637943,0.8917644946241386
190392,12,0.9706568484258358,0.9734765498214866,0.9708850616682896,0.9644139483933788,0.9724521259331386,0.9724216975008112
190137,5,0.9063815789473684,0.9143421052631578,0.9063815789473684,0.9208552631578948,0.8921710526315789,0.9039473684210526
359958,19,0.93994140625,0.9546440972222222,0.9485677083333331,0.9354926215277776,0.9350043402777778,0.9495442708333331
359969,6,0.8503562648121351,0.8508019874084877,0.8516985289525779,0.8462050571402292,0.8484084775950667,0.8509450264364249
359974,5,0.7591123240870568,0.7981080953474411,0.759117043896632,0.7720150212862079,0.7969565532236972,0.8270035481424453
359975,9,0.996749585406302,0.9780431177446104,0.9970812603648423,0.9859701492537312,0.9372470978441128,0.9950248756218906
359958,14,0.9532335069444444,0.9580078125,0.9608289930555556,0.952907986111111,0.9037543402777778,0.9673394097222222
146818,19,0.9211198637428146,0.9418777943368106,0.9250585480093676,0.9589099425165,0.944219714711518,0.9465616350862252
359968,12,0.9083958751310692,0.928789042181656,0.9193933239211024,0.9002303519678994,0.9120782040802848,0.9162311445768212
359968,13,0.9340648453174152,0.9361124183654091,0.9273854638826278,0.935522089845524,0.9345024314929944,0.9335034139978036
359972,20,0.9965468140838206,0.9976433053118908,0.997361567982456,0.995949074074074,0.9967638279727096,0.997281615497076
359965,7,0.999285742241008,0.9974364995499198,0.9997260381198388,0.9994227231810888,0.9976321866071778,0.999500998003992
168350,12,0.960673113449056,0.9636274299304672,0.9609022742662724,0.9531933869555884,0.959473632054437,0.9573595719028194
168911,15,0.8668267827882652,0.8925276649233462,0.8857152476936545,0.8882460550829387,0.8831451594801463,0.8974658256829252
190137,4,0.925065789473684,0.9265789473684212,0.9250657894736842,0.9233552631578948,0.930657894736842,0.9251973684210526
146820,16,0.994184581793752,0.9978165938864628,0.996346993617736,0.9982364796775276,0.998005542492442,0.9974177023849512
359968,16,0.9293669861871382,0.9324631147879358,0.9405790998934932,0.9271625426233704,0.927550590741337,0.93469232738051
359965,16,0.9998825877656452,0.9999804312942742,0.999911940824234,0.9999119408242338,0.9996379789440728,0.999305310946734
359962,18,0.8428355957767721,0.8187459599224305,0.8414565826330532,0.8483085541909072,0.8209437621202328,0.8438267614738203
359955,10,0.7800925925925926,0.7439083820662767,0.7740009746588694,0.7781432748538012,0.745004873294347,0.7722953216374269
359965,15,0.9998140972956048,0.9997847442370162,0.999794528589879,0.9998923721185082,0.9999804312942742,0.9999706469414114
359972,12,0.9933829800194932,0.9956140350877192,0.9946317616959064,0.9899031432748536,0.9931202789961012,0.9934438961988304
168911,13,0.8982346075284505,0.9052209826939912,0.8959002042602858,0.89877331597495,0.8939866669659492,0.8953334380821979
146820,0,0.994961370507222,0.9944785018474974,0.9951083305340948,0.9955282163251596,0.9949823647967752,0.995129324823648
190411,12,0.922446788648245,0.9228279810804084,0.924134926562111,0.9195956248444112,0.9263598456559622,0.9252551655464276
359972,5,0.9934629325048732,0.9953322977582846,0.994833546539961,0.9855819018031188,0.99130421539961,0.9930289047270956
359962,1,0.8577246283128637,0.8552898082309848,0.8641025641025641,0.8429648782589959,0.841909071320836,0.8514759750053869
168757,2,0.719047619047619,0.7554761904761905,0.7253571428571429,0.7122619047619048,0.7094047619047619,0.7403571428571428
359974,4,0.8754841611053678,0.8959039826412342,0.8783548271239523,0.7734856358374823,0.8789027197189715,0.8907487667598628
359975,3,0.998341625207297,0.9985406301824212,0.9987396351575456,0.998872305140962,0.99893864013267,0.9986069651741294
359965,5,0.9999657547649798,0.9998532347070564,0.9999657547649798,0.9999266173535282,0.9989824273022582,0.9997651755312904
359955,18,0.75,0.7612085769980506,0.7821637426900585,0.7816764132553606,0.7507309941520468,0.7673001949317738
146818,16,0.9340004258037043,0.9340004258037043,0.9286778794975517,0.9419842452629338,0.9233553331913988,0.9335746220992124
190411,9,0.8951254045307444,0.871903783918347,0.9012633806323128,0.8949309185959672,0.899964214588001,0.9067245456808564
359955,5,0.7523148148148149,0.7532894736842105,0.7411062378167641,0.7547514619883041,0.7447612085769981,0.7513401559454191
359962,6,0.8462400344753287,0.8273863391510451,0.8552251669898729,0.8327731092436975,0.828442146089205,0.8429864253393666
146818,1,0.9352778369171812,0.9384713647008728,0.9354907387694272,0.9382584628486268,0.9039812646370023,0.9472003406429635
168911,3,0.8849745235797176,0.8946600525240735,0.8912482323629098,0.8797333393189827,0.8867702184013826,0.8938295436690534
190411,6,0.9270522155837688,0.9258075056011948,0.9259630943490168,0.9262898307194424,0.9244305451829724,0.9304362708488922
146818,3,0.9279327230146904,0.9214392165211838,0.925910155418352,0.9408132850755802,0.9320843091334896,0.9376197572918884
190392,5,0.9705148490749756,0.9754341123012008,0.9715494157740991,0.9622788867250892,0.8921007789678675,0.9684761441090556
359960,18,0.999818773778248,0.9990908308065708,0.999987930285328,1.0,0.9976136359416184,1.0
359955,6,0.8092105263157896,0.8184697855750487,0.8092105263157895,0.800438596491228,0.7977582846003899,0.8223684210526315
168911,9,0.8854907858409463,0.8828982514421674,0.8857825862494668,0.882454939283069,0.868644923795201,0.8811698951763147
359964,16,0.9930622248949572,0.9941264502079812,0.99288233230615,0.9930777196535407,0.9927549702638404,0.993534027455798
190412,17,0.8888888888888888,0.8686868686868687,0.898989898989899,0.9595959595959596,0.9393939393939392,0.9494949494949494
359964,6,0.9973306440900904,0.9983454384656046,0.997779993370364,0.997415123615008,0.9965464995884034,0.9984747570663108
359962,14,0.8527257056668822,0.8435251023486319,0.858478776125835,0.8449903038138333,0.8291316526610645,0.8468433527257057
359958,2,0.9319661458333334,0.8930121527777777,0.9350043402777778,0.9293619791666669,0.939453125,0.9409722222222224
359956,14,0.9221830985915492,0.9280684104627768,0.9328973843058352,0.9143863179074448,0.9097585513078472,0.9347082494969818
146820,7,0.9979635539133356,0.9977746053073564,0.997837588176016,0.9978165938864628,0.9929879072892172,0.9972917366476318
168757,18,0.7815476190476189,0.7669047619047619,0.7835714285714285,0.7670238095238096,0.7546428571428571,0.7948809523809524
359972,13,0.9888371101364524,0.9906950536062378,0.990603679337232,0.9901772660818714,0.9910148635477584,0.9929717958089668
168350,3,0.9604811138454424,0.9228079012998168,0.9604811138454424,0.9623474325730424,0.9661915536690504,0.9657125869159496
